{"assets/fonts/8bitdragon/EightBitDragon-anqx.ttf":["assets/fonts/8bitdragon/EightBitDragon-anqx.ttf"],"assets/fonts/montserrat/Montserrat-Italic-VariableFont_wght.ttf":["assets/fonts/montserrat/Montserrat-Italic-VariableFont_wght.ttf"],"assets/fonts/montserrat/Montserrat-VariableFont_wght.ttf":["assets/fonts/montserrat/Montserrat-VariableFont_wght.ttf"],"assets/fonts/montserrat/static/Montserrat-Bold.ttf":["assets/fonts/montserrat/static/Montserrat-Bold.ttf"],"assets/fonts/pixeloid/PixeloidMono-1G8ae.ttf":["assets/fonts/pixeloid/PixeloidMono-1G8ae.ttf"],"assets/images/mylogo.png":["assets/images/mylogo.png"],"assets/images/welcomecard/me.png":["assets/images/welcomecard/me.png"],"assets/lottie/bluebackground.json":["assets/lottie/bluebackground.json"],"assets/lottie/helloworld.json":["assets/lottie/helloworld.json"],"assets/lottie/phone.json":["assets/lottie/phone.json"],"packages/cupertino_icons/assets/CupertinoIcons.ttf":["packages/cupertino_icons/assets/CupertinoIcons.ttf"]}