[{"family":"MaterialIcons","fonts":[{"asset":"fonts/MaterialIcons-Regular.otf"}]},{"family":"Montserrat","fonts":[{"asset":"assets/fonts/montserrat/Montserrat-VariableFont_wght.ttf"},{"style":"italic","asset":"assets/fonts/montserrat/Montserrat-Italic-VariableFont_wght.ttf"},{"weight":700,"asset":"assets/fonts/montserrat/static/Montserrat-Bold.ttf"}]},{"family":"Pixeloid","fonts":[{"asset":"assets/fonts/pixeloid/PixeloidMono-1G8ae.ttf"}]},{"family":"8BitDragon","fonts":[{"asset":"assets/fonts/8bitdragon/EightBitDragon-anqx.ttf"}]},{"family":"packages/cupertino_icons/CupertinoIcons","fonts":[{"asset":"packages/cupertino_icons/assets/CupertinoIcons.ttf"}]}]